lab_id,patient_id,test_name,test_date,result_value,unit,reference_range,abnormal_flag
L3001,P1039,WBC,2026-05-02,185.92,10^3/uL,4-11,Normal
L3002,P1002,Creatinine,2026-04-29,122.58,mg/dL,0.6-1.3,Normal
L3003,P1063,Glucose,2026-04-24,51.36,mg/dL,70-110,Low
L3004,P1029,Creatinine,2026-01-10,11.27,mg/dL,0.6-1.3,Normal
L3005,P1074,Creatinine,2026-05-29,50.36,mg/dL,0.6-1.3,Normal
L3006,P1066,WBC,2026-06-13,93.88,10^3/uL,4-11,High
L3007,P1051,Creatinine,2026-05-20,168.08,mg/dL,0.6-1.3,Normal
L3008,P1075,Creatinine,2026-04-01,44.57,mg/dL,0.6-1.3,Normal
L3009,P1077,Cholesterol,2026-01-02,159.47,mg/dL,125-200,Normal
L3010,P1010,WBC,2026-04-28,191.26,10^3/uL,4-11,Normal
L3011,P1014,Hemoglobin,2026-01-13,102.05,g/dL,12-17,High
L3012,P1082,Glucose,2026-06-30,181.43,mg/dL,70-110,Normal
L3013,P1051,Creatinine,2026-06-09,123.81,mg/dL,0.6-1.3,Normal
L3014,P1073,Glucose,2026-04-05,141.61,mg/dL,70-110,Normal
L3015,P1039,Hemoglobin,2026-05-24,117.68,g/dL,12-17,Normal
L3016,P1028,Glucose,2026-02-01,104.05,mg/dL,70-110,Normal
L3017,P1003,Hemoglobin,2026-02-01,54.69,g/dL,12-17,Normal
L3018,P1084,Cholesterol,2026-05-04,69.49,mg/dL,125-200,Normal
L3019,P1070,Creatinine,2026-01-11,66.63,mg/dL,0.6-1.3,Low
L3020,P1027,Hemoglobin,2026-01-10,125.67,g/dL,12-17,Normal
L3021,P1002,Glucose,2026-01-15,29.91,mg/dL,70-110,Normal
L3022,P1093,Creatinine,2026-01-17,202.03,mg/dL,0.6-1.3,Normal
L3023,P1038,Cholesterol,2026-06-17,159.66,mg/dL,125-200,High
L3024,P1003,Creatinine,2026-05-26,90.71,mg/dL,0.6-1.3,High
L3025,P1016,Hemoglobin,2026-06-02,38.26,g/dL,12-17,Normal
L3026,P1094,Cholesterol,2026-02-28,194.51,mg/dL,125-200,Low
L3027,P1040,Glucose,2026-03-19,181.94,mg/dL,70-110,Normal
L3028,P1002,Cholesterol,2026-05-04,159.89,mg/dL,125-200,Normal
L3029,P1081,Cholesterol,2026-04-24,62.65,mg/dL,125-200,Normal
L3030,P1041,WBC,2026-01-22,90.93,10^3/uL,4-11,Normal
L3031,P1012,Cholesterol,2026-06-07,26.19,mg/dL,125-200,High
L3032,P1035,Cholesterol,2026-06-21,44.83,mg/dL,125-200,Normal
L3033,P1065,Creatinine,2026-02-01,173.13,mg/dL,0.6-1.3,Normal
L3034,P1055,Glucose,2026-06-28,158.45,mg/dL,70-110,High
L3035,P1045,Creatinine,2026-06-23,132.19,mg/dL,0.6-1.3,Normal
L3036,P1079,Creatinine,2026-04-23,197.48,mg/dL,0.6-1.3,Normal
L3037,P1090,Hemoglobin,2026-04-30,129.99,g/dL,12-17,Normal
L3038,P1085,Creatinine,2026-05-29,104.87,mg/dL,0.6-1.3,Normal
L3039,P1062,WBC,2026-05-02,77.52,10^3/uL,4-11,Normal
L3040,P1049,WBC,2026-02-01,207.14,10^3/uL,4-11,Normal
L3041,P1095,Hemoglobin,2026-04-29,21.87,g/dL,12-17,Normal
L3042,P1025,Glucose,2026-02-08,205.07,mg/dL,70-110,Normal
L3043,P1023,Glucose,2026-01-12,182.57,mg/dL,70-110,High
L3044,P1024,Creatinine,2026-06-24,32.06,mg/dL,0.6-1.3,Normal
L3045,P1038,Creatinine,2026-01-18,126.04,mg/dL,0.6-1.3,Normal
L3046,P1028,Creatinine,2026-05-29,191.17,mg/dL,0.6-1.3,Normal
L3047,P1021,Glucose,2026-05-21,127.51,mg/dL,70-110,Normal
L3048,P1054,Cholesterol,2026-05-29,199.96,mg/dL,125-200,Normal
L3049,P1018,WBC,2026-05-06,207.68,10^3/uL,4-11,Normal
L3050,P1036,Cholesterol,2026-05-16,95.24,mg/dL,125-200,Normal
L3051,P1099,Cholesterol,2026-02-15,85.5,mg/dL,125-200,Low
L3052,P1045,Glucose,2026-04-14,206.25,mg/dL,70-110,Normal
L3053,P1073,Cholesterol,2026-05-15,149.83,mg/dL,125-200,High
L3054,P1053,Hemoglobin,2026-05-31,29.06,g/dL,12-17,Normal
L3055,P1030,Creatinine,2026-03-27,13.14,mg/dL,0.6-1.3,High
L3056,P1060,Hemoglobin,2026-05-30,125.96,g/dL,12-17,Normal
L3057,P1098,WBC,2026-03-30,204.92,10^3/uL,4-11,High
L3058,P1032,Creatinine,2026-01-22,186.36,mg/dL,0.6-1.3,Normal
L3059,P1067,Cholesterol,2026-04-02,149.98,mg/dL,125-200,Normal
L3060,P1067,WBC,2026-01-29,34.05,10^3/uL,4-11,Normal
L3061,P1028,Creatinine,2026-01-13,58.91,mg/dL,0.6-1.3,High
L3062,P1044,Cholesterol,2026-01-02,193.11,mg/dL,125-200,Normal
L3063,P1079,Hemoglobin,2026-01-29,43.49,g/dL,12-17,Normal
L3064,P1041,Creatinine,2026-06-29,64.14,mg/dL,0.6-1.3,Normal
L3065,P1063,Cholesterol,2026-01-27,31.99,mg/dL,125-200,Normal
L3066,P1023,Hemoglobin,2026-02-19,150.04,g/dL,12-17,Normal
L3067,P1075,WBC,2026-04-05,207.9,10^3/uL,4-11,Normal
L3068,P1048,WBC,2026-05-31,62.1,10^3/uL,4-11,Low
L3069,P1032,WBC,2026-03-29,106.69,10^3/uL,4-11,High
L3070,P1057,WBC,2026-02-13,141.02,10^3/uL,4-11,Low
L3071,P1100,Glucose,2026-01-22,219.88,mg/dL,70-110,Normal
L3072,P1033,Creatinine,2026-06-20,26.64,mg/dL,0.6-1.3,High
L3073,P1024,Creatinine,2026-06-14,111.69,mg/dL,0.6-1.3,High
L3074,P1039,Glucose,2026-04-07,87.19,mg/dL,70-110,Normal
L3075,P1034,Cholesterol,2026-01-03,191.02,mg/dL,125-200,Normal
L3076,P1056,Cholesterol,2026-04-28,106.81,mg/dL,125-200,Normal
L3077,P1028,WBC,2026-01-19,27.97,10^3/uL,4-11,High
L3078,P1037,Hemoglobin,2026-01-23,141.04,g/dL,12-17,Normal
L3079,P1007,Cholesterol,2026-06-06,170.49,mg/dL,125-200,Normal
L3080,P1068,Hemoglobin,2026-01-30,4.62,g/dL,12-17,Normal
L3081,P1037,Creatinine,2026-02-08,189.53,mg/dL,0.6-1.3,Low
L3082,P1056,Hemoglobin,2026-04-18,44.18,g/dL,12-17,High
L3083,P1065,Creatinine,2026-04-21,123.25,mg/dL,0.6-1.3,Low
L3084,P1065,Glucose,2026-01-25,93.81,mg/dL,70-110,Normal
L3085,P1047,Glucose,2026-05-08,159.45,mg/dL,70-110,Normal
L3086,P1020,WBC,2026-04-21,84.17,10^3/uL,4-11,Normal
L3087,P1019,Cholesterol,2026-05-16,191.87,mg/dL,125-200,Normal
L3088,P1029,WBC,2026-04-16,161.79,10^3/uL,4-11,Normal
L3089,P1074,Creatinine,2026-05-24,143.91,mg/dL,0.6-1.3,Normal
L3090,P1060,WBC,2026-03-13,175.99,10^3/uL,4-11,Normal
L3091,P1018,Hemoglobin,2026-05-09,166.87,g/dL,12-17,Normal
L3092,P1092,Creatinine,2026-04-18,11.76,mg/dL,0.6-1.3,Low
L3093,P1035,Glucose,2026-01-05,89.26,mg/dL,70-110,Normal
L3094,P1043,Cholesterol,2026-01-03,205.05,mg/dL,125-200,High
L3095,P1095,Creatinine,2026-05-12,31.16,mg/dL,0.6-1.3,Normal
L3096,P1091,Creatinine,2026-04-14,163.21,mg/dL,0.6-1.3,Normal
L3097,P1011,Hemoglobin,2026-03-05,214.51,g/dL,12-17,Normal
L3098,P1049,Cholesterol,2026-04-16,15.27,mg/dL,125-200,Normal
L3099,P1038,Glucose,2026-04-08,151.35,mg/dL,70-110,Normal
L3100,P1064,Creatinine,2026-01-10,105.12,mg/dL,0.6-1.3,Normal
L3101,P1069,Creatinine,2026-05-29,129.1,mg/dL,0.6-1.3,Normal
L3102,P1008,Hemoglobin,2026-05-08,22.43,g/dL,12-17,Normal
L3103,P1034,WBC,2026-02-15,13.29,10^3/uL,4-11,Normal
L3104,P1048,Glucose,2026-06-04,148.04,mg/dL,70-110,Low
L3105,P1056,Cholesterol,2026-03-07,181.83,mg/dL,125-200,High
L3106,P1076,Creatinine,2026-06-18,172.92,mg/dL,0.6-1.3,High
L3107,P1065,Creatinine,2026-04-22,121.46,mg/dL,0.6-1.3,Normal
L3108,P1031,Glucose,2026-01-13,25.57,mg/dL,70-110,High
L3109,P1004,WBC,2026-05-17,152.62,10^3/uL,4-11,High
L3110,P1050,Creatinine,2026-06-13,56.25,mg/dL,0.6-1.3,Normal
L3111,P1069,Glucose,2026-03-27,200.79,mg/dL,70-110,Low
L3112,P1030,Hemoglobin,2026-03-31,185.07,g/dL,12-17,Normal
L3113,P1088,WBC,2026-02-27,157.23,10^3/uL,4-11,Low
L3114,P1059,Cholesterol,2026-02-23,208.95,mg/dL,125-200,Low
L3115,P1067,Creatinine,2026-01-12,10.79,mg/dL,0.6-1.3,Normal
L3116,P1075,Glucose,2026-01-14,163.02,mg/dL,70-110,Normal
L3117,P1045,Hemoglobin,2026-05-01,75.33,g/dL,12-17,Low
L3118,P1004,Cholesterol,2026-06-11,199.71,mg/dL,125-200,Normal
L3119,P1026,Glucose,2026-06-30,61.6,mg/dL,70-110,Normal
L3120,P1027,Glucose,2026-05-01,160.57,mg/dL,70-110,Low
L3121,P1046,Cholesterol,2026-01-20,193.57,mg/dL,125-200,Normal
L3122,P1064,Hemoglobin,2026-03-16,13.0,g/dL,12-17,Normal
L3123,P1091,Hemoglobin,2026-05-24,89.89,g/dL,12-17,Normal
L3124,P1051,WBC,2026-03-11,168.66,10^3/uL,4-11,Normal
L3125,P1050,Creatinine,2026-02-25,102.26,mg/dL,0.6-1.3,Normal
L3126,P1006,Cholesterol,2026-04-11,61.73,mg/dL,125-200,Normal
L3127,P1059,Cholesterol,2026-05-12,51.48,mg/dL,125-200,Normal
L3128,P1015,Cholesterol,2026-04-21,32.41,mg/dL,125-200,Normal
L3129,P1030,Hemoglobin,2026-05-05,189.14,g/dL,12-17,High
L3130,P1042,Creatinine,2026-05-12,128.28,mg/dL,0.6-1.3,Normal
L3131,P1037,WBC,2026-01-20,20.5,10^3/uL,4-11,Normal
L3132,P1042,Glucose,2026-05-18,86.64,mg/dL,70-110,Normal
L3133,P1035,Glucose,2026-01-24,83.43,mg/dL,70-110,Normal
L3134,P1087,Cholesterol,2026-06-03,43.26,mg/dL,125-200,Normal
L3135,P1006,Creatinine,2026-02-06,98.07,mg/dL,0.6-1.3,Normal
L3136,P1068,Hemoglobin,2026-02-23,75.73,g/dL,12-17,Low
L3137,P1018,Creatinine,2026-04-13,77.83,mg/dL,0.6-1.3,Normal
L3138,P1073,Creatinine,2026-05-29,163.63,mg/dL,0.6-1.3,Normal
L3139,P1029,Hemoglobin,2026-02-07,52.22,g/dL,12-17,Normal
L3140,P1077,Cholesterol,2026-06-23,142.64,mg/dL,125-200,Normal
L3141,P1059,Creatinine,2026-01-04,127.26,mg/dL,0.6-1.3,Normal
L3142,P1047,Glucose,2026-02-26,126.71,mg/dL,70-110,Normal
L3143,P1017,Hemoglobin,2026-06-22,147.21,g/dL,12-17,Normal
L3144,P1096,WBC,2026-01-20,122.45,10^3/uL,4-11,High
L3145,P1022,Cholesterol,2026-01-17,193.92,mg/dL,125-200,Normal
L3146,P1068,Hemoglobin,2026-04-29,149.93,g/dL,12-17,Normal
L3147,P1069,WBC,2026-03-12,122.14,10^3/uL,4-11,Normal
L3148,P1037,WBC,2026-01-04,183.23,10^3/uL,4-11,Normal
L3149,P1049,Creatinine,2026-01-14,134.93,mg/dL,0.6-1.3,Normal
L3150,P1013,Creatinine,2026-01-03,66.89,mg/dL,0.6-1.3,Normal
L3151,P1034,Creatinine,2026-03-21,48.73,mg/dL,0.6-1.3,Normal
L3152,P1086,Hemoglobin,2026-02-24,36.9,g/dL,12-17,Normal
L3153,P1053,Hemoglobin,2026-05-12,198.28,g/dL,12-17,Normal
L3154,P1087,Cholesterol,2026-04-30,157.39,mg/dL,125-200,Normal
L3155,P1051,Creatinine,2026-01-24,206.47,mg/dL,0.6-1.3,Normal
L3156,P1003,WBC,2026-06-11,134.31,10^3/uL,4-11,Normal
L3157,P1042,Glucose,2026-06-07,106.25,mg/dL,70-110,Normal
L3158,P1098,Cholesterol,2026-03-23,16.9,mg/dL,125-200,Low
L3159,P1032,Hemoglobin,2026-05-27,149.07,g/dL,12-17,Normal
L3160,P1051,Cholesterol,2026-06-08,129.76,mg/dL,125-200,High
L3161,P1085,Cholesterol,2026-03-01,217.89,mg/dL,125-200,Normal
L3162,P1046,Cholesterol,2026-05-27,55.66,mg/dL,125-200,Normal
L3163,P1021,Cholesterol,2026-02-18,118.64,mg/dL,125-200,Normal
L3164,P1044,Glucose,2026-03-04,144.61,mg/dL,70-110,Normal
L3165,P1011,Creatinine,2026-04-20,143.23,mg/dL,0.6-1.3,Normal
L3166,P1068,WBC,2026-05-30,125.24,10^3/uL,4-11,Low
L3167,P1001,Cholesterol,2026-06-01,171.82,mg/dL,125-200,Normal
L3168,P1092,Cholesterol,2026-04-19,48.28,mg/dL,125-200,Low
L3169,P1063,Cholesterol,2026-03-17,160.74,mg/dL,125-200,Normal
L3170,P1024,Creatinine,2026-01-30,137.86,mg/dL,0.6-1.3,High
L3171,P1099,Hemoglobin,2026-02-27,197.55,g/dL,12-17,Normal
L3172,P1013,Hemoglobin,2026-04-27,186.99,g/dL,12-17,High
L3173,P1098,Glucose,2026-06-08,72.07,mg/dL,70-110,Normal
L3174,P1011,Hemoglobin,2026-04-10,63.67,g/dL,12-17,Normal
L3175,P1100,Cholesterol,2026-01-19,216.04,mg/dL,125-200,Normal
L3176,P1051,Cholesterol,2026-06-25,117.89,mg/dL,125-200,High
L3177,P1017,Cholesterol,2026-06-22,199.79,mg/dL,125-200,Normal
L3178,P1099,Glucose,2026-04-04,39.4,mg/dL,70-110,High
L3179,P1082,Cholesterol,2026-04-23,142.85,mg/dL,125-200,Normal
L3180,P1086,Hemoglobin,2026-05-26,178.93,g/dL,12-17,High
L3181,P1024,Creatinine,2026-03-04,208.64,mg/dL,0.6-1.3,High
L3182,P1019,Creatinine,2026-04-26,76.87,mg/dL,0.6-1.3,High
L3183,P1037,WBC,2026-04-23,160.6,10^3/uL,4-11,Normal
L3184,P1085,Hemoglobin,2026-02-16,120.38,g/dL,12-17,Normal
L3185,P1008,Cholesterol,2026-02-26,17.1,mg/dL,125-200,Low
L3186,P1028,Creatinine,2026-04-28,153.04,mg/dL,0.6-1.3,Normal
L3187,P1005,Hemoglobin,2026-02-14,153.06,g/dL,12-17,Normal
L3188,P1017,Creatinine,2026-06-10,205.01,mg/dL,0.6-1.3,Normal
L3189,P1036,Cholesterol,2026-05-25,111.42,mg/dL,125-200,High
L3190,P1019,Creatinine,2026-01-04,53.73,mg/dL,0.6-1.3,Normal
L3191,P1064,WBC,2026-05-28,13.63,10^3/uL,4-11,Normal
L3192,P1091,WBC,2026-02-16,93.78,10^3/uL,4-11,High
L3193,P1098,Creatinine,2026-05-23,69.21,mg/dL,0.6-1.3,Normal
L3194,P1011,Hemoglobin,2026-02-16,168.4,g/dL,12-17,Low
L3195,P1054,Hemoglobin,2026-03-19,80.52,g/dL,12-17,Normal
L3196,P1045,Hemoglobin,2026-05-04,209.0,g/dL,12-17,Normal
L3197,P1047,Creatinine,2026-03-16,211.86,mg/dL,0.6-1.3,Normal
L3198,P1012,Hemoglobin,2026-04-13,138.12,g/dL,12-17,Normal
L3199,P1021,Cholesterol,2026-05-17,204.59,mg/dL,125-200,Low
L3200,P1011,WBC,2026-03-31,168.34,10^3/uL,4-11,Normal
L3201,P1092,Cholesterol,2026-05-24,122.12,mg/dL,125-200,Normal
L3202,P1005,Hemoglobin,2026-03-10,42.95,g/dL,12-17,Normal
L3203,P1081,Cholesterol,2026-03-02,103.06,mg/dL,125-200,Normal
L3204,P1056,Hemoglobin,2026-05-18,125.15,g/dL,12-17,Normal
L3205,P1020,Creatinine,2026-02-19,190.62,mg/dL,0.6-1.3,Normal
L3206,P1041,Cholesterol,2026-01-03,107.97,mg/dL,125-200,Normal
L3207,P1046,Creatinine,2026-04-17,197.9,mg/dL,0.6-1.3,High
L3208,P1012,Creatinine,2026-04-23,149.66,mg/dL,0.6-1.3,Normal
L3209,P1070,Glucose,2026-04-04,33.59,mg/dL,70-110,Normal
L3210,P1017,Hemoglobin,2026-04-28,218.92,g/dL,12-17,Normal
L3211,P1019,WBC,2026-03-22,117.88,10^3/uL,4-11,High
L3212,P1026,Hemoglobin,2026-04-19,88.64,g/dL,12-17,Normal
L3213,P1048,WBC,2026-02-20,146.37,10^3/uL,4-11,Normal
L3214,P1052,Hemoglobin,2026-05-27,27.52,g/dL,12-17,Normal
L3215,P1096,Creatinine,2026-06-19,141.49,mg/dL,0.6-1.3,Low
L3216,P1070,Cholesterol,2026-02-04,111.62,mg/dL,125-200,Normal
L3217,P1055,Cholesterol,2026-02-15,91.84,mg/dL,125-200,High
L3218,P1100,Glucose,2026-06-03,209.85,mg/dL,70-110,Normal
L3219,P1075,WBC,2026-03-10,116.87,10^3/uL,4-11,Normal
L3220,P1033,WBC,2026-04-03,51.33,10^3/uL,4-11,High
L3221,P1062,WBC,2026-03-05,103.14,10^3/uL,4-11,Normal
L3222,P1088,Creatinine,2026-06-14,202.59,mg/dL,0.6-1.3,High
L3223,P1023,WBC,2026-02-18,42.04,10^3/uL,4-11,Low
L3224,P1015,Cholesterol,2026-05-29,50.21,mg/dL,125-200,High
L3225,P1027,Creatinine,2026-03-15,6.81,mg/dL,0.6-1.3,Normal
L3226,P1075,Hemoglobin,2026-01-05,7.07,g/dL,12-17,High
L3227,P1064,WBC,2026-04-10,183.15,10^3/uL,4-11,Normal
L3228,P1081,WBC,2026-03-11,162.14,10^3/uL,4-11,High
L3229,P1051,Hemoglobin,2026-03-31,80.69,g/dL,12-17,Normal
L3230,P1053,WBC,2026-01-04,154.84,10^3/uL,4-11,High
L3231,P1078,Hemoglobin,2026-05-06,89.36,g/dL,12-17,Normal
L3232,P1091,Creatinine,2026-02-08,209.83,mg/dL,0.6-1.3,Normal
L3233,P1082,Cholesterol,2026-06-12,212.88,mg/dL,125-200,Normal
L3234,P1092,Hemoglobin,2026-05-09,88.84,g/dL,12-17,High
L3235,P1051,Glucose,2026-01-24,188.51,mg/dL,70-110,Normal
L3236,P1047,Hemoglobin,2026-02-26,170.99,g/dL,12-17,Normal
L3237,P1004,WBC,2026-04-10,70.96,10^3/uL,4-11,High
L3238,P1007,Creatinine,2026-03-11,54.12,mg/dL,0.6-1.3,Normal
L3239,P1035,Creatinine,2026-02-10,102.98,mg/dL,0.6-1.3,Normal
L3240,P1048,Hemoglobin,2026-06-23,172.77,g/dL,12-17,Normal
L3241,P1073,Cholesterol,2026-03-01,211.4,mg/dL,125-200,Normal
L3242,P1072,Glucose,2026-04-18,168.93,mg/dL,70-110,Normal
L3243,P1045,Creatinine,2026-02-26,188.72,mg/dL,0.6-1.3,Normal
L3244,P1081,WBC,2026-01-31,134.26,10^3/uL,4-11,Normal
L3245,P1081,WBC,2026-03-25,184.45,10^3/uL,4-11,Normal
L3246,P1097,Cholesterol,2026-06-01,173.43,mg/dL,125-200,High
L3247,P1096,Creatinine,2026-02-05,85.43,mg/dL,0.6-1.3,Normal
L3248,P1072,Hemoglobin,2026-06-07,123.23,g/dL,12-17,Normal
L3249,P1019,WBC,2026-06-01,177.83,10^3/uL,4-11,Low
L3250,P1063,Cholesterol,2026-04-18,13.95,mg/dL,125-200,Normal
L3251,P1038,Creatinine,2026-04-16,178.55,mg/dL,0.6-1.3,Normal
L3252,P1067,Creatinine,2026-06-07,42.42,mg/dL,0.6-1.3,High
L3253,P1059,Creatinine,2026-03-27,115.17,mg/dL,0.6-1.3,Low
L3254,P1069,Creatinine,2026-05-15,178.59,mg/dL,0.6-1.3,High
L3255,P1013,Creatinine,2026-06-12,58.83,mg/dL,0.6-1.3,High
L3256,P1047,WBC,2026-01-14,57.09,10^3/uL,4-11,High
L3257,P1061,Cholesterol,2026-04-30,91.0,mg/dL,125-200,Normal
L3258,P1031,Creatinine,2026-05-18,197.24,mg/dL,0.6-1.3,High
L3259,P1080,Glucose,2026-03-21,4.1,mg/dL,70-110,Normal
L3260,P1096,Glucose,2026-05-24,198.7,mg/dL,70-110,Low
L3261,P1022,Cholesterol,2026-04-16,37.22,mg/dL,125-200,Normal
L3262,P1093,Hemoglobin,2026-03-11,217.86,g/dL,12-17,Normal
L3263,P1086,Hemoglobin,2026-02-13,210.25,g/dL,12-17,Normal
L3264,P1043,Hemoglobin,2026-03-14,110.85,g/dL,12-17,High
L3265,P1067,Glucose,2026-02-14,114.75,mg/dL,70-110,Normal
L3266,P1054,Hemoglobin,2026-04-17,108.01,g/dL,12-17,High
L3267,P1010,WBC,2026-03-25,141.26,10^3/uL,4-11,High
L3268,P1042,Creatinine,2026-03-23,23.6,mg/dL,0.6-1.3,Normal
L3269,P1064,Glucose,2026-04-17,11.05,mg/dL,70-110,High
L3270,P1021,Cholesterol,2026-01-21,16.46,mg/dL,125-200,High
L3271,P1080,Cholesterol,2026-06-27,99.98,mg/dL,125-200,Normal
L3272,P1076,Creatinine,2026-06-10,63.52,mg/dL,0.6-1.3,Normal
L3273,P1066,Glucose,2026-01-07,138.36,mg/dL,70-110,Normal
L3274,P1041,Hemoglobin,2026-03-11,218.37,g/dL,12-17,Normal
L3275,P1024,Hemoglobin,2026-05-07,87.45,g/dL,12-17,Normal
L3276,P1035,WBC,2026-05-23,127.95,10^3/uL,4-11,Low
L3277,P1056,WBC,2026-06-09,93.77,10^3/uL,4-11,Normal
L3278,P1030,Hemoglobin,2026-05-28,187.01,g/dL,12-17,High
L3279,P1057,Cholesterol,2026-05-23,198.88,mg/dL,125-200,Normal
L3280,P1094,Cholesterol,2026-06-25,193.51,mg/dL,125-200,Normal
L3281,P1047,WBC,2026-05-29,214.46,10^3/uL,4-11,High
L3282,P1035,Creatinine,2026-06-19,9.94,mg/dL,0.6-1.3,High
L3283,P1019,Hemoglobin,2026-06-03,185.4,g/dL,12-17,Normal
L3284,P1008,WBC,2026-04-30,166.38,10^3/uL,4-11,Normal
L3285,P1026,WBC,2026-05-08,53.4,10^3/uL,4-11,Normal
L3286,P1071,Hemoglobin,2026-05-22,210.57,g/dL,12-17,Normal
L3287,P1030,Hemoglobin,2026-02-26,36.01,g/dL,12-17,Normal
L3288,P1007,Cholesterol,2026-06-14,150.78,mg/dL,125-200,Normal
L3289,P1067,Creatinine,2026-02-27,52.58,mg/dL,0.6-1.3,Normal
L3290,P1065,Creatinine,2026-01-21,97.18,mg/dL,0.6-1.3,High
L3291,P1036,Hemoglobin,2026-03-23,159.34,g/dL,12-17,Normal
L3292,P1025,Glucose,2026-03-10,125.68,mg/dL,70-110,Normal
L3293,P1037,WBC,2026-05-11,96.34,10^3/uL,4-11,Normal
L3294,P1001,WBC,2026-03-28,74.49,10^3/uL,4-11,High
L3295,P1015,Hemoglobin,2026-06-14,185.37,g/dL,12-17,High
L3296,P1037,Glucose,2026-02-18,35.06,mg/dL,70-110,Normal
L3297,P1013,Cholesterol,2026-05-27,96.9,mg/dL,125-200,High
L3298,P1008,Hemoglobin,2026-04-25,199.21,g/dL,12-17,Normal
L3299,P1005,Hemoglobin,2026-03-30,186.7,g/dL,12-17,Normal
L3300,P1060,WBC,2026-03-26,90.6,10^3/uL,4-11,Normal
L3301,P1073,Hemoglobin,2026-05-08,168.83,g/dL,12-17,Normal
L3302,P1001,Hemoglobin,2026-05-20,181.8,g/dL,12-17,High
L3303,P1036,Hemoglobin,2026-06-18,196.0,g/dL,12-17,High
L3304,P1035,WBC,2026-06-10,121.61,10^3/uL,4-11,Normal
L3305,P1066,Cholesterol,2026-06-27,48.16,mg/dL,125-200,Normal
L3306,P1063,Cholesterol,2026-04-27,59.15,mg/dL,125-200,Normal
L3307,P1023,Hemoglobin,2026-05-07,67.87,g/dL,12-17,Normal
L3308,P1009,WBC,2026-03-12,132.26,10^3/uL,4-11,Normal
L3309,P1034,Cholesterol,2026-03-27,11.09,mg/dL,125-200,Normal
L3310,P1046,Cholesterol,2026-02-02,141.39,mg/dL,125-200,Normal
L3311,P1078,Cholesterol,2026-03-22,82.7,mg/dL,125-200,Normal
L3312,P1004,WBC,2026-06-01,67.77,10^3/uL,4-11,Normal
L3313,P1030,WBC,2026-03-02,193.97,10^3/uL,4-11,Normal
L3314,P1095,Hemoglobin,2026-03-02,103.36,g/dL,12-17,High
L3315,P1075,Creatinine,2026-04-08,24.53,mg/dL,0.6-1.3,Normal
L3316,P1099,Cholesterol,2026-01-28,182.58,mg/dL,125-200,Low
L3317,P1072,Creatinine,2026-02-12,14.29,mg/dL,0.6-1.3,Normal
L3318,P1003,WBC,2026-06-18,160.98,10^3/uL,4-11,High
L3319,P1014,WBC,2026-06-16,171.16,10^3/uL,4-11,High
L3320,P1060,WBC,2026-03-27,80.16,10^3/uL,4-11,Normal
L3321,P1077,Creatinine,2026-06-26,182.15,mg/dL,0.6-1.3,Normal
L3322,P1045,WBC,2026-01-17,115.38,10^3/uL,4-11,High
L3323,P1096,Hemoglobin,2026-04-08,104.07,g/dL,12-17,Normal
L3324,P1034,WBC,2026-04-08,13.81,10^3/uL,4-11,Normal
L3325,P1045,Glucose,2026-03-06,66.65,mg/dL,70-110,Normal
L3326,P1061,Creatinine,2026-03-15,205.1,mg/dL,0.6-1.3,Normal
L3327,P1083,Glucose,2026-03-26,88.63,mg/dL,70-110,Normal
L3328,P1016,WBC,2026-01-05,122.09,10^3/uL,4-11,Low
L3329,P1066,Hemoglobin,2026-01-02,118.92,g/dL,12-17,Normal
L3330,P1040,Cholesterol,2026-01-22,131.53,mg/dL,125-200,Normal
L3331,P1017,WBC,2026-04-22,17.25,10^3/uL,4-11,Low
L3332,P1034,Hemoglobin,2026-02-26,82.23,g/dL,12-17,Normal
L3333,P1016,Creatinine,2026-03-07,160.2,mg/dL,0.6-1.3,Low
L3334,P1060,Glucose,2026-03-15,47.32,mg/dL,70-110,Normal
L3335,P1066,Glucose,2026-04-08,47.97,mg/dL,70-110,Normal
L3336,P1066,Glucose,2026-05-24,6.18,mg/dL,70-110,High
L3337,P1090,Creatinine,2026-04-22,98.5,mg/dL,0.6-1.3,Normal
L3338,P1013,Hemoglobin,2026-06-28,194.67,g/dL,12-17,High
L3339,P1056,Creatinine,2026-05-05,15.21,mg/dL,0.6-1.3,Low
L3340,P1031,Glucose,2026-06-16,45.28,mg/dL,70-110,High
L3341,P1034,WBC,2026-03-27,70.98,10^3/uL,4-11,Normal
L3342,P1039,Cholesterol,2026-03-17,162.05,mg/dL,125-200,High
L3343,P1067,Creatinine,2026-03-29,142.38,mg/dL,0.6-1.3,Normal
L3344,P1008,Creatinine,2026-06-17,93.84,mg/dL,0.6-1.3,Normal
L3345,P1087,Hemoglobin,2026-02-07,167.96,g/dL,12-17,High
L3346,P1078,Hemoglobin,2026-02-28,135.68,g/dL,12-17,Normal
L3347,P1055,Creatinine,2026-05-18,197.54,mg/dL,0.6-1.3,High
L3348,P1027,Glucose,2026-04-09,180.69,mg/dL,70-110,High
L3349,P1093,Cholesterol,2026-03-04,58.61,mg/dL,125-200,High
L3350,P1053,Hemoglobin,2026-02-18,62.63,g/dL,12-17,Normal
