patient_id,patient_name,age,gender,city,registration_date,blood_group
P1001,Patient_1,69,Female,Tenali,2026-01-01,A+
P1002,Patient_2,32,Male,Vijayawada,2026-01-03,O-
P1003,Patient_3,78,Male,Vijayawada,2026-01-05,O-
P1004,Patient_4,38,Male,Tenali,2026-01-07,AB-
P1005,Patient_5,41,Female,Tenali,2026-01-09,O-
P1006,Patient_6,20,Male,Tenali,2026-01-11,AB-
P1007,Patient_7,39,Male,Amaravati,2026-01-13,B-
P1008,Patient_8,70,Male,Vijayawada,2026-01-15,B+
P1009,Patient_9,19,Female,Amaravati,2026-01-17,O+
P1010,Patient_10,47,Male,Tenali,2026-01-19,O+
P1011,Patient_11,55,Female,Vijayawada,2026-01-21,B-
P1012,Patient_12,19,Female,Amaravati,2026-01-23,A-
P1013,Patient_13,81,Male,Amaravati,2026-01-25,A-
P1014,Patient_14,77,Female,Tenali,2026-01-27,O-
P1015,Patient_15,38,Female,Vijayawada,2026-01-29,O+
P1016,Patient_16,50,Male,Tenali,2026-01-31,O+
P1017,Patient_17,75,Female,Vijayawada,2026-02-02,AB-
P1018,Patient_18,39,Female,Narasaraopet,2026-02-04,B+
P1019,Patient_19,66,Female,Guntur,2026-02-06,A+
P1020,Patient_20,76,Female,Guntur,2026-02-08,A-
P1021,Patient_21,59,Female,Guntur,2026-02-10,O+
P1022,Patient_22,77,Male,Tenali,2026-02-12,AB-
P1023,Patient_23,32,Male,Narasaraopet,2026-02-14,AB+
P1024,Patient_24,79,Male,Vijayawada,2026-02-16,AB-
P1025,Patient_25,79,Male,Amaravati,2026-02-18,A-
P1026,Patient_26,64,Male,Vijayawada,2026-02-20,A-
P1027,Patient_27,79,Female,Amaravati,2026-02-22,AB-
P1028,Patient_28,68,Male,Vijayawada,2026-02-24,A+
P1029,Patient_29,72,Male,Narasaraopet,2026-02-26,B-
P1030,Patient_30,81,Male,Amaravati,2026-02-28,A-
P1031,Patient_31,20,Female,Tenali,2026-03-02,AB-
P1032,Patient_32,68,Male,Vijayawada,2026-03-04,O+
P1033,Patient_33,24,Female,Vijayawada,2026-03-06,AB-
P1034,Patient_34,38,Male,Amaravati,2026-03-08,B+
P1035,Patient_35,56,Male,Tenali,2026-03-10,B-
P1036,Patient_36,35,Male,Tenali,2026-03-12,AB+
P1037,Patient_37,21,Male,Narasaraopet,2026-03-14,A+
P1038,Patient_38,77,Female,Tenali,2026-03-16,O-
P1039,Patient_39,31,Female,Tenali,2026-03-18,AB+
P1040,Patient_40,26,Female,Tenali,2026-03-20,B-
P1041,Patient_41,70,Male,Guntur,2026-03-22,B-
P1042,Patient_42,19,Male,Narasaraopet,2026-03-24,B-
P1043,Patient_43,77,Male,Vijayawada,2026-03-26,AB+
P1044,Patient_44,61,Male,Amaravati,2026-03-28,O+
P1045,Patient_45,25,Female,Vijayawada,2026-03-30,B-
P1046,Patient_46,64,Male,Narasaraopet,2026-04-01,AB-
P1047,Patient_47,52,Male,Amaravati,2026-04-03,AB+
P1048,Patient_48,53,Male,Narasaraopet,2026-04-05,O-
P1049,Patient_49,67,Male,Tenali,2026-04-07,B-
P1050,Patient_50,21,Female,Amaravati,2026-04-09,AB-
P1051,Patient_51,19,Female,Tenali,2026-04-11,O+
P1052,Patient_52,23,Male,Vijayawada,2026-04-13,B+
P1053,Patient_53,71,Other,Vijayawada,2026-04-15,O+
P1054,Patient_54,21,Male,Amaravati,2026-04-17,O-
P1055,Patient_55,71,Other,Amaravati,2026-04-19,B-
P1056,Patient_56,80,Male,Narasaraopet,2026-04-21,O-
P1057,Patient_57,35,Male,Narasaraopet,2026-04-23,AB+
P1058,Patient_58,61,Male,Tenali,2026-04-25,A-
P1059,Patient_59,51,Female,Amaravati,2026-04-27,B-
P1060,Patient_60,79,Female,Vijayawada,2026-04-29,A-
P1061,Patient_61,31,Female,Narasaraopet,2026-05-01,AB-
P1062,Patient_62,65,Male,Narasaraopet,2026-05-03,B+
P1063,Patient_63,32,Female,Vijayawada,2026-05-05,A+
P1064,Patient_64,79,Female,Narasaraopet,2026-05-07,O-
P1065,Patient_65,57,Male,Tenali,2026-05-09,O+
P1066,Patient_66,70,Male,Amaravati,2026-05-11,B+
P1067,Patient_67,41,Male,Vijayawada,2026-05-13,B-
P1068,Patient_68,43,Female,Amaravati,2026-05-15,A-
P1069,Patient_69,77,Male,Narasaraopet,2026-05-17,O+
P1070,Patient_70,58,Other,Narasaraopet,2026-05-19,A-
P1071,Patient_71,46,Male,Vijayawada,2026-05-21,AB+
P1072,Patient_72,32,Female,Tenali,2026-05-23,A-
P1073,Patient_73,62,Female,Guntur,2026-05-25,AB+
P1074,Patient_74,82,Male,Vijayawada,2026-05-27,AB-
P1075,Patient_75,26,Female,Guntur,2026-05-29,O+
P1076,Patient_76,18,Female,Guntur,2026-05-31,O+
P1077,Patient_77,25,Female,Tenali,2026-06-02,A+
P1078,Patient_78,80,Male,Guntur,2026-06-04,B-
P1079,Patient_79,28,Male,Guntur,2026-06-06,AB+
P1080,Patient_80,25,Female,Tenali,2026-06-08,A+
P1081,Patient_81,52,Female,Guntur,2026-06-10,A-
P1082,Patient_82,52,Male,Guntur,2026-06-12,A-
P1083,Patient_83,50,Male,Guntur,2026-06-14,A+
P1084,Patient_84,22,Female,Vijayawada,2026-06-16,O+
P1085,Patient_85,58,Male,Vijayawada,2026-06-18,A-
P1086,Patient_86,45,Female,Vijayawada,2026-06-20,O-
P1087,Patient_87,24,Female,Tenali,2026-06-22,AB-
P1088,Patient_88,29,Female,Narasaraopet,2026-06-24,AB-
P1089,Patient_89,51,Female,Guntur,2026-06-26,O-
P1090,Patient_90,50,Male,Guntur,2026-06-28,A+
P1091,Patient_91,65,Female,Tenali,2026-06-30,O-
P1092,Patient_92,40,Female,Guntur,2026-07-02,AB+
P1093,Patient_93,79,Male,Vijayawada,2026-07-04,AB+
P1094,Patient_94,54,Male,Narasaraopet,2026-07-06,A+
P1095,Patient_95,61,Other,Amaravati,2026-07-08,O-
P1096,Patient_96,52,Female,Guntur,2026-07-10,AB+
P1097,Patient_97,82,Male,Vijayawada,2026-07-12,O+
P1098,Patient_98,64,Other,Amaravati,2026-07-14,O-
P1099,Patient_99,20,Other,Narasaraopet,2026-07-16,O+
P1100,Patient_100,18,Female,Amaravati,2026-07-18,AB+
