reading_id,patient_id,reading_date,heart_rate_bpm,spo2_percent,steps,sleep_hours,temperature_c
W4001,P1052,2026-02-25,95,98.6,6050,8.2,36.4
W4002,P1058,2026-03-06,91,100.0,7831,7.0,36.8
W4003,P1032,2026-04-03,110,97.3,11323,7.8,37.3
W4004,P1081,2026-03-27,76,98.4,4987,6.7,36.1
W4005,P1100,2026-03-21,72,100.0,3507,8.9,36.4
W4006,P1060,2026-06-18,96,97.3,4477,4.3,36.3
W4007,P1083,2026-04-18,83,95.2,5918,7.3,37.0
W4008,P1058,2026-06-28,96,98.2,6661,8.4,37.4
W4009,P1099,2026-04-28,88,92.6,6786,6.9,35.8
W4010,P1056,2026-06-06,49,92.4,11007,7.2,36.8
W4011,P1028,2026-03-24,83,97.7,10562,6.3,36.3
W4012,P1001,2026-05-27,82,92.3,9757,6.8,37.3
W4013,P1042,2026-06-18,80,94.4,12786,4.8,36.7
W4014,P1082,2026-06-22,76,96.2,8560,5.9,36.9
W4015,P1048,2026-01-15,56,95.6,9271,5.9,36.8
W4016,P1040,2026-05-11,90,96.7,8512,7.6,37.4
W4017,P1097,2026-05-19,83,99.2,8102,6.1,37.8
W4018,P1063,2026-06-30,93,97.5,7486,6.1,36.2
W4019,P1076,2026-06-23,56,95.3,5508,6.3,36.3
W4020,P1072,2026-01-30,85,99.7,3383,5.9,37.0
W4021,P1088,2026-02-26,75,94.1,6173,7.1,36.4
W4022,P1080,2026-05-26,80,97.4,7914,7.3,37.3
W4023,P1004,2026-06-28,75,93.9,6681,7.8,37.3
W4024,P1038,2026-05-08,86,97.5,3837,7.6,36.5
W4025,P1027,2026-02-17,76,96.4,6085,7.5,36.4
W4026,P1009,2026-05-16,63,99.2,5955,6.4,36.7
W4027,P1016,2026-01-22,79,98.4,6344,6.3,36.9
W4028,P1056,2026-01-06,75,95.8,7727,5.8,37.0
W4029,P1076,2026-04-14,77,95.4,8266,5.7,35.7
W4030,P1031,2026-02-05,45,96.4,5250,7.0,36.3
W4031,P1088,2026-03-20,88,100.0,8953,5.9,36.6
W4032,P1014,2026-04-26,74,100.0,9329,8.6,36.4
W4033,P1025,2026-02-26,59,95.1,7301,6.8,35.4
W4034,P1034,2026-02-18,91,98.6,8162,8.6,35.9
W4035,P1067,2026-06-22,87,93.5,8961,7.5,36.1
W4036,P1024,2026-03-23,73,96.1,3756,5.9,36.7
W4037,P1073,2026-03-07,62,95.1,9137,6.7,36.6
W4038,P1026,2026-03-18,80,99.1,4525,4.8,36.5
W4039,P1020,2026-02-14,80,94.4,4768,7.0,37.2
W4040,P1064,2026-03-20,91,97.9,6991,6.0,37.2
W4041,P1010,2026-01-20,72,97.0,1140,5.5,36.9
W4042,P1083,2026-05-03,95,96.6,6939,8.6,36.9
W4043,P1067,2026-03-08,70,100.0,8954,8.0,36.4
W4044,P1024,2026-03-24,59,100.0,2385,8.0,36.4
W4045,P1005,2026-01-03,62,96.7,9223,7.7,35.9
W4046,P1067,2026-03-05,77,96.3,4753,5.3,36.7
W4047,P1058,2026-02-09,77,94.0,7017,6.3,37.2
W4048,P1027,2026-02-28,83,97.0,5116,6.4,37.5
W4049,P1080,2026-03-03,77,100.0,7932,4.7,36.7
W4050,P1015,2026-05-12,92,96.7,9062,6.1,37.0
W4051,P1035,2026-03-01,74,98.5,8118,6.1,35.4
W4052,P1076,2026-04-26,50,94.2,6490,7.0,36.6
W4053,P1053,2026-03-16,76,96.1,5310,9.8,36.6
W4054,P1044,2026-05-02,50,97.9,6327,6.8,37.5
W4055,P1026,2026-04-17,82,97.2,8140,7.0,37.0
W4056,P1047,2026-04-06,93,98.6,8226,6.5,37.0
W4057,P1034,2026-04-01,64,95.8,7877,7.7,37.0
W4058,P1087,2026-06-07,98,93.5,3294,5.5,36.8
W4059,P1095,2026-05-10,90,99.2,6442,9.1,37.6
W4060,P1050,2026-03-03,95,95.1,4916,6.7,35.6
W4061,P1084,2026-02-18,81,98.0,8162,6.3,36.9
W4062,P1012,2026-05-17,64,97.9,4588,8.0,37.4
W4063,P1087,2026-04-02,89,93.7,7630,5.7,35.9
W4064,P1004,2026-06-08,69,99.1,5795,7.7,37.2
W4065,P1087,2026-05-04,80,95.9,1802,8.5,36.4
W4066,P1048,2026-03-02,76,97.1,8827,6.5,36.9
W4067,P1055,2026-02-17,94,96.3,6437,9.3,36.4
W4068,P1001,2026-06-02,88,100.0,9690,7.6,37.3
W4069,P1089,2026-06-13,77,99.7,2337,7.6,36.7
W4070,P1066,2026-05-16,51,93.4,5771,8.4,37.2
W4071,P1030,2026-02-27,69,100.0,5959,8.8,37.0
W4072,P1003,2026-04-11,88,95.6,7176,7.1,36.4
W4073,P1021,2026-04-22,82,100.0,3187,7.8,37.1
W4074,P1089,2026-06-22,57,96.5,7860,8.5,36.5
W4075,P1084,2026-03-03,53,96.3,11279,5.4,36.8
W4076,P1049,2026-02-08,81,96.5,7686,4.7,36.6
W4077,P1086,2026-02-27,63,96.2,6732,6.7,37.2
W4078,P1085,2026-04-09,65,100.0,3056,4.7,37.1
W4079,P1062,2026-02-13,87,96.8,4564,6.4,36.8
W4080,P1097,2026-01-29,95,96.4,6360,7.2,36.5
W4081,P1038,2026-02-28,67,97.2,5176,6.5,36.2
W4082,P1015,2026-03-12,77,95.1,9066,6.6,36.9
W4083,P1052,2026-04-02,77,100.0,7834,5.6,36.5
W4084,P1079,2026-01-09,76,94.1,13231,7.7,35.9
W4085,P1046,2026-05-07,79,95.8,4048,5.5,36.1
W4086,P1025,2026-05-14,89,98.9,6583,4.3,37.6
W4087,P1021,2026-06-06,69,97.1,3041,6.6,36.5
W4088,P1088,2026-05-25,57,98.1,944,7.9,37.3
W4089,P1005,2026-05-24,102,100.0,8307,6.9,36.6
W4090,P1070,2026-05-11,93,99.0,7742,5.4,37.4
W4091,P1047,2026-01-21,63,97.3,4364,6.9,37.4
W4092,P1087,2026-03-05,80,100.0,6733,7.3,36.4
W4093,P1068,2026-03-31,92,95.7,4927,6.9,35.8
W4094,P1091,2026-02-05,88,96.8,5264,6.5,35.8
W4095,P1018,2026-03-03,84,96.9,5699,7.4,36.4
W4096,P1021,2026-06-19,76,96.8,4259,4.7,37.7
W4097,P1092,2026-03-17,102,94.9,4708,5.7,36.6
W4098,P1099,2026-06-19,81,93.8,4779,5.2,36.9
W4099,P1086,2026-01-13,71,97.8,7557,8.4,37.5
W4100,P1023,2026-01-11,90,95.7,500,7.7,36.9
W4101,P1064,2026-02-23,79,100.0,5931,7.0,36.8
W4102,P1067,2026-01-16,83,96.9,3781,5.1,37.1
W4103,P1040,2026-01-08,81,96.5,3871,7.7,36.9
W4104,P1010,2026-04-14,85,99.2,5186,8.5,36.8
W4105,P1089,2026-02-28,64,97.8,6464,7.5,36.4
W4106,P1052,2026-02-26,58,96.6,5964,6.8,36.8
W4107,P1072,2026-02-09,98,95.7,3840,7.6,37.3
W4108,P1075,2026-05-10,81,100.0,8304,7.1,37.7
W4109,P1061,2026-04-04,89,97.7,4243,7.9,36.9
W4110,P1064,2026-05-18,53,99.2,4663,7.9,37.2
W4111,P1005,2026-02-13,93,95.0,7211,6.5,36.9
W4112,P1053,2026-05-19,71,95.8,7301,6.0,36.8
W4113,P1055,2026-03-21,67,100.0,4971,6.3,37.1
W4114,P1037,2026-03-22,77,99.8,500,7.4,37.4
W4115,P1056,2026-01-02,64,97.9,4286,6.4,36.4
W4116,P1059,2026-06-27,78,96.2,6905,5.9,36.1
W4117,P1093,2026-05-20,76,96.5,8222,6.8,36.5
W4118,P1069,2026-04-25,93,95.6,6302,8.1,36.9
W4119,P1073,2026-03-31,99,94.7,5303,7.0,37.2
W4120,P1059,2026-01-23,99,98.8,12233,6.5,36.3
W4121,P1002,2026-05-26,46,98.1,5569,7.2,35.6
W4122,P1065,2026-03-03,65,98.5,8031,6.9,36.5
W4123,P1060,2026-04-23,46,96.3,3162,4.5,36.7
W4124,P1051,2026-05-08,61,97.5,3775,7.6,36.2
W4125,P1030,2026-03-03,69,96.1,8118,7.3,36.4
W4126,P1011,2026-02-07,84,95.5,9111,6.8,37.2
W4127,P1092,2026-06-15,71,100.0,5526,8.1,36.8
W4128,P1076,2026-03-02,71,97.2,1878,8.3,37.0
W4129,P1039,2026-05-09,81,98.0,6081,7.8,36.6
W4130,P1090,2026-06-22,54,98.7,6974,5.8,36.4
W4131,P1077,2026-06-05,66,97.3,6747,5.8,36.6
W4132,P1072,2026-05-29,71,97.5,5092,8.1,37.0
W4133,P1063,2026-05-02,75,94.8,6118,4.5,36.1
W4134,P1064,2026-04-20,79,95.2,4626,6.6,37.6
W4135,P1061,2026-01-13,99,95.1,3720,7.3,37.1
W4136,P1054,2026-06-04,91,98.2,8389,4.7,36.5
W4137,P1092,2026-04-10,67,97.1,6744,7.1,37.2
W4138,P1094,2026-05-15,74,95.2,6123,7.9,37.4
W4139,P1073,2026-01-22,73,98.2,5232,5.0,36.6
W4140,P1095,2026-03-15,71,98.1,6050,8.8,36.7
W4141,P1058,2026-06-30,82,95.6,6901,5.6,37.5
W4142,P1085,2026-05-12,52,96.9,10822,7.5,37.9
W4143,P1056,2026-01-23,90,98.1,8136,6.7,36.8
W4144,P1034,2026-04-29,102,95.3,4834,6.9,36.2
W4145,P1031,2026-03-11,74,98.1,4861,5.3,36.6
W4146,P1052,2026-03-25,74,97.6,4471,8.3,37.3
W4147,P1089,2026-04-11,80,95.0,5999,7.2,36.3
W4148,P1076,2026-03-25,92,97.4,4469,8.7,36.7
W4149,P1001,2026-06-10,73,97.7,7687,5.3,36.9
W4150,P1055,2026-01-28,91,95.7,500,6.6,36.3
W4151,P1022,2026-05-16,85,95.9,7838,7.1,37.3
W4152,P1040,2026-01-01,111,95.0,7188,6.9,37.1
W4153,P1001,2026-06-14,73,96.1,9657,7.6,37.8
W4154,P1065,2026-03-04,50,97.0,8692,6.6,37.2
W4155,P1063,2026-01-22,58,95.9,4791,9.3,36.3
W4156,P1054,2026-03-11,78,94.0,8411,6.8,37.1
W4157,P1042,2026-05-05,92,95.6,6080,3.3,37.3
W4158,P1021,2026-05-29,69,96.2,1664,6.9,37.3
W4159,P1079,2026-04-06,75,98.6,6897,8.3,36.4
W4160,P1081,2026-06-12,88,98.2,4939,5.7,36.4
W4161,P1022,2026-03-20,64,98.7,6501,5.6,36.2
W4162,P1038,2026-01-05,69,95.5,10629,5.8,37.6
W4163,P1099,2026-03-01,62,97.3,7062,5.5,37.1
W4164,P1080,2026-04-30,94,92.2,3957,6.2,36.4
W4165,P1008,2026-02-15,100,97.9,8911,7.9,36.9
W4166,P1062,2026-06-27,56,98.2,7406,8.6,36.7
W4167,P1047,2026-06-25,76,96.3,3662,3.9,36.3
W4168,P1017,2026-05-14,98,97.6,2484,6.3,36.8
W4169,P1017,2026-02-25,84,94.0,4057,7.2,36.9
W4170,P1090,2026-04-20,71,95.4,8591,7.0,37.8
W4171,P1013,2026-06-06,56,98.5,5746,9.1,36.5
W4172,P1017,2026-04-14,94,98.0,6703,4.4,35.9
W4173,P1038,2026-03-18,83,96.2,3154,3.7,36.3
W4174,P1081,2026-05-26,57,98.6,8658,9.3,36.4
W4175,P1078,2026-01-02,95,97.3,1462,7.7,36.6
W4176,P1045,2026-01-08,56,96.0,4862,6.1,36.3
W4177,P1006,2026-03-16,75,96.6,7546,7.0,37.2
W4178,P1035,2026-05-05,74,96.1,3693,7.1,36.2
W4179,P1014,2026-02-07,101,94.6,8035,6.1,36.8
W4180,P1072,2026-06-25,74,99.5,4327,7.0,37.8
W4181,P1061,2026-01-27,74,95.9,3435,7.2,37.1
W4182,P1015,2026-01-20,59,95.3,9716,9.2,37.0
W4183,P1054,2026-05-20,69,93.9,6885,8.0,37.7
W4184,P1027,2026-02-12,67,91.7,7798,8.9,37.4
W4185,P1013,2026-01-31,67,98.4,9046,5.2,37.1
W4186,P1031,2026-04-01,78,98.6,500,6.4,36.6
W4187,P1035,2026-03-02,45,99.4,8087,7.1,36.8
W4188,P1060,2026-04-19,57,96.7,4597,4.5,36.8
W4189,P1006,2026-04-01,76,96.4,4927,8.2,36.6
W4190,P1069,2026-06-12,80,96.0,7594,7.6,36.9
W4191,P1086,2026-04-05,75,96.2,5592,6.4,37.0
W4192,P1058,2026-05-23,77,99.2,7986,6.6,36.2
W4193,P1049,2026-05-24,72,96.9,6398,8.3,37.6
W4194,P1023,2026-01-13,78,97.8,6921,5.8,37.0
W4195,P1089,2026-04-23,84,96.1,5274,8.4,36.7
W4196,P1034,2026-02-04,84,99.6,3838,6.5,36.9
W4197,P1026,2026-05-29,68,93.2,4649,7.7,37.3
W4198,P1047,2026-06-07,91,94.6,6243,6.9,36.1
W4199,P1005,2026-02-17,80,97.8,11093,9.5,36.7
W4200,P1090,2026-02-04,95,100.0,10180,5.7,36.2
W4201,P1020,2026-03-27,98,96.5,4867,6.1,38.1
W4202,P1006,2026-06-15,58,95.3,6651,5.0,36.9
W4203,P1070,2026-06-08,66,99.0,5781,5.5,36.2
W4204,P1059,2026-06-01,89,97.6,6826,7.7,38.6
W4205,P1064,2026-04-24,55,99.6,7147,8.7,36.5
W4206,P1018,2026-06-26,98,94.4,7819,7.8,36.7
W4207,P1004,2026-04-10,73,99.4,500,6.8,36.7
W4208,P1017,2026-06-09,86,93.9,7416,5.7,36.4
W4209,P1014,2026-04-09,76,96.4,5503,7.9,36.9
W4210,P1078,2026-01-03,59,97.8,4738,5.7,35.7
W4211,P1013,2026-03-26,93,97.4,8486,5.2,37.3
W4212,P1007,2026-05-05,117,99.1,10167,6.4,36.2
W4213,P1044,2026-05-18,71,93.3,8223,4.4,36.6
W4214,P1015,2026-03-24,73,97.3,5204,5.1,37.2
W4215,P1019,2026-01-25,45,99.4,3810,9.1,36.7
W4216,P1063,2026-03-09,97,97.1,500,4.9,36.7
W4217,P1035,2026-03-02,91,94.7,6956,5.4,36.3
W4218,P1081,2026-01-29,54,99.0,7948,6.9,37.8
W4219,P1035,2026-05-07,49,95.7,6245,6.9,37.1
W4220,P1019,2026-01-19,51,95.4,8834,6.5,36.3
W4221,P1020,2026-06-20,87,95.1,3200,4.4,36.9
W4222,P1100,2026-03-15,88,96.6,6072,7.8,36.2
W4223,P1035,2026-03-02,65,97.4,5874,6.3,37.7
W4224,P1032,2026-06-20,85,94.5,6225,8.3,36.9
W4225,P1048,2026-06-02,80,94.9,9420,6.0,36.3
W4226,P1044,2026-01-20,73,95.6,6238,8.0,37.1
W4227,P1024,2026-02-17,92,95.1,5763,8.4,36.7
W4228,P1061,2026-03-28,61,97.1,4158,6.2,36.2
W4229,P1017,2026-06-01,94,97.7,9821,7.9,37.0
W4230,P1071,2026-05-19,68,97.4,2922,5.2,37.0
W4231,P1050,2026-04-20,103,97.5,5118,7.1,37.4
W4232,P1065,2026-01-28,64,100.0,10735,8.3,36.8
W4233,P1099,2026-02-28,73,97.8,7671,7.4,36.9
W4234,P1032,2026-05-13,79,98.6,6450,9.7,36.9
W4235,P1036,2026-02-20,79,96.2,6554,7.5,37.6
W4236,P1013,2026-05-29,85,98.9,4134,6.4,36.6
W4237,P1070,2026-01-12,60,96.1,6329,10.0,37.0
W4238,P1058,2026-02-19,77,97.8,5625,8.8,37.1
W4239,P1014,2026-05-12,80,94.3,6949,4.9,37.0
W4240,P1037,2026-04-23,71,97.3,2734,5.9,36.6
W4241,P1079,2026-06-19,84,95.0,7495,5.6,36.9
W4242,P1068,2026-06-15,59,98.9,9042,7.6,36.8
W4243,P1040,2026-06-02,73,98.8,5990,7.5,37.8
W4244,P1059,2026-01-14,67,96.1,8118,7.5,36.6
W4245,P1080,2026-02-01,73,100.0,7276,4.8,36.3
W4246,P1092,2026-05-19,98,96.4,4981,6.0,36.8
W4247,P1016,2026-05-26,99,93.8,3854,6.6,36.8
W4248,P1062,2026-06-04,96,95.4,4204,4.6,36.9
W4249,P1004,2026-02-24,72,94.9,7232,5.8,36.6
W4250,P1045,2026-04-30,91,97.8,6360,8.4,36.9
W4251,P1090,2026-03-16,80,94.5,9688,4.9,36.9
W4252,P1028,2026-01-21,79,95.9,8477,8.5,37.3
W4253,P1096,2026-06-21,77,97.6,8472,8.1,36.8
W4254,P1066,2026-05-13,103,97.3,7158,6.5,36.9
W4255,P1031,2026-03-28,97,97.0,4095,6.0,37.1
W4256,P1003,2026-06-18,88,97.3,7313,7.8,37.2
W4257,P1008,2026-02-28,76,96.3,6660,5.9,36.3
W4258,P1024,2026-03-30,79,93.8,3654,5.9,36.2
W4259,P1015,2026-05-30,85,96.2,9525,6.8,37.6
W4260,P1043,2026-03-24,71,97.9,9256,4.2,37.2
W4261,P1031,2026-03-06,91,96.7,3640,5.1,36.7
W4262,P1073,2026-03-05,65,97.8,4906,6.4,36.8
W4263,P1045,2026-03-12,83,95.8,5125,7.4,36.6
W4264,P1066,2026-01-04,46,99.0,8025,5.8,36.9
W4265,P1008,2026-05-23,70,91.9,7737,6.6,36.3
W4266,P1071,2026-04-14,107,97.3,6611,4.9,37.2
W4267,P1057,2026-05-30,93,99.7,7185,7.9,36.9
W4268,P1080,2026-06-24,99,100.0,3281,7.1,36.9
W4269,P1099,2026-04-03,69,96.5,7453,7.2,36.4
W4270,P1030,2026-06-23,79,94.3,6248,7.4,37.1
W4271,P1074,2026-05-22,96,99.7,4802,6.9,36.4
W4272,P1018,2026-06-27,87,96.9,2669,6.2,36.5
W4273,P1069,2026-05-28,85,96.7,6567,8.2,36.8
W4274,P1093,2026-06-27,101,95.2,7392,7.0,38.1
W4275,P1039,2026-04-22,63,94.5,2244,6.6,36.9
W4276,P1060,2026-06-10,75,98.1,6546,6.8,35.5
W4277,P1098,2026-04-29,53,98.3,6806,6.8,36.5
W4278,P1043,2026-02-28,63,97.4,5114,6.6,37.1
W4279,P1045,2026-02-12,93,95.5,7450,7.3,36.2
W4280,P1023,2026-01-12,65,94.9,6168,5.7,37.2
W4281,P1069,2026-02-09,88,94.1,7208,5.8,36.9
W4282,P1094,2026-04-28,101,95.9,7836,7.5,37.3
W4283,P1006,2026-01-20,76,95.0,7837,6.6,36.5
W4284,P1056,2026-06-15,85,93.6,9042,8.0,36.5
W4285,P1004,2026-05-11,88,98.3,7346,7.3,37.1
W4286,P1093,2026-06-05,61,94.4,5307,6.1,36.8
W4287,P1023,2026-03-31,69,99.0,4881,7.5,36.8
W4288,P1006,2026-04-04,64,97.8,3842,8.2,37.6
W4289,P1032,2026-01-13,70,97.6,6878,7.3,37.1
W4290,P1018,2026-03-07,88,100.0,9803,7.6,35.8
W4291,P1015,2026-02-06,70,94.4,5604,6.6,37.2
W4292,P1040,2026-06-26,78,98.7,7624,8.0,37.1
W4293,P1096,2026-03-07,63,96.4,4619,6.1,37.4
W4294,P1073,2026-02-05,95,100.0,6987,7.2,36.3
W4295,P1074,2026-01-26,70,96.2,9648,9.9,37.0
W4296,P1084,2026-03-16,99,95.9,8216,7.4,36.9
W4297,P1006,2026-04-18,79,97.9,2573,6.3,36.3
W4298,P1063,2026-06-17,58,96.6,7927,6.3,37.3
W4299,P1067,2026-02-12,76,95.5,8041,6.7,36.7
W4300,P1011,2026-05-30,63,95.1,6934,7.8,37.4
W4301,P1043,2026-05-28,86,99.9,8169,7.0,36.4
W4302,P1017,2026-01-08,74,94.7,4416,6.0,36.1
W4303,P1096,2026-01-29,80,97.4,6658,6.0,36.7
W4304,P1004,2026-02-09,73,99.1,9275,7.0,36.9
W4305,P1063,2026-06-07,70,99.2,9050,6.9,36.5
W4306,P1068,2026-05-08,64,95.8,7870,7.3,35.3
W4307,P1081,2026-03-25,90,96.6,4293,7.9,37.0
W4308,P1041,2026-04-26,76,96.2,3899,10.0,37.0
W4309,P1083,2026-05-24,74,93.9,6786,5.0,37.1
W4310,P1005,2026-06-23,75,98.1,6952,7.6,36.6
W4311,P1032,2026-03-03,68,97.1,6249,6.9,36.6
W4312,P1086,2026-01-07,74,99.9,4488,4.6,37.5
W4313,P1070,2026-02-14,81,95.4,7592,8.3,36.0
W4314,P1035,2026-06-25,64,99.2,6775,7.3,36.7
W4315,P1022,2026-06-04,66,99.3,7225,7.8,36.9
W4316,P1065,2026-06-30,97,97.1,7984,4.8,37.1
W4317,P1084,2026-03-29,73,92.7,5816,6.5,36.9
W4318,P1022,2026-03-14,70,96.0,5278,5.5,36.3
W4319,P1011,2026-06-12,59,100.0,9269,9.4,37.4
W4320,P1077,2026-06-28,90,97.6,4607,8.2,36.8
W4321,P1003,2026-02-06,63,98.4,5327,6.0,36.0
W4322,P1009,2026-04-29,78,96.8,9586,5.0,36.9
W4323,P1060,2026-02-26,54,96.6,5132,7.0,37.0
W4324,P1076,2026-01-08,89,93.3,6253,8.1,37.8
W4325,P1087,2026-04-05,94,98.6,5470,4.7,37.0
W4326,P1014,2026-04-27,85,99.2,2042,5.7,36.1
W4327,P1097,2026-04-20,57,95.1,6192,5.5,36.1
W4328,P1018,2026-01-20,90,96.6,3973,7.8,37.4
W4329,P1073,2026-05-04,66,96.4,7136,6.4,36.4
W4330,P1023,2026-02-22,62,97.8,9264,6.4,36.0
W4331,P1074,2026-04-29,73,95.9,965,7.0,37.3
W4332,P1083,2026-01-12,72,98.9,5483,5.7,36.6
W4333,P1047,2026-06-26,71,97.1,7631,5.1,37.3
W4334,P1069,2026-01-17,96,91.9,1042,8.4,36.3
W4335,P1047,2026-03-05,106,97.9,9841,8.6,37.5
W4336,P1087,2026-02-11,59,99.0,7450,7.0,37.2
W4337,P1030,2026-04-04,68,94.7,9208,7.1,36.4
W4338,P1025,2026-06-06,80,97.8,5090,8.3,36.0
W4339,P1028,2026-05-27,73,100.0,5392,7.0,38.0
W4340,P1098,2026-01-11,84,97.2,6098,6.3,36.7
W4341,P1025,2026-04-08,91,99.3,11846,6.8,36.4
W4342,P1074,2026-06-27,88,96.1,9795,8.5,37.5
W4343,P1078,2026-03-12,87,97.0,6831,6.9,37.3
W4344,P1058,2026-04-18,101,96.6,7136,6.0,37.4
W4345,P1094,2026-02-27,56,96.2,8087,7.0,36.8
W4346,P1041,2026-02-03,99,96.7,12479,7.6,37.7
W4347,P1025,2026-01-20,72,93.7,7457,7.4,36.1
W4348,P1078,2026-02-19,89,96.3,6615,7.5,36.5
W4349,P1099,2026-04-12,64,99.7,5654,5.8,37.0
W4350,P1048,2026-05-18,65,95.1,7087,7.7,37.4
W4351,P1098,2026-06-09,87,94.9,5032,6.8,37.1
W4352,P1010,2026-02-21,51,97.1,7740,5.9,36.8
W4353,P1099,2026-01-15,92,97.2,2919,7.7,36.6
W4354,P1075,2026-03-25,96,97.8,5849,6.3,37.4
W4355,P1011,2026-05-11,80,96.8,8337,4.9,37.2
W4356,P1085,2026-02-06,80,97.1,7423,5.6,36.4
W4357,P1021,2026-05-06,66,96.3,5343,6.6,36.3
W4358,P1086,2026-02-09,87,94.4,5920,7.5,36.5
W4359,P1045,2026-03-13,83,96.9,9088,5.8,36.5
W4360,P1007,2026-02-09,65,98.4,3474,6.5,37.3
W4361,P1081,2026-02-25,73,98.0,3489,5.3,37.0
W4362,P1064,2026-05-31,76,93.5,4176,8.0,37.1
W4363,P1064,2026-04-14,73,97.5,6473,8.9,36.9
W4364,P1002,2026-05-19,59,95.2,3108,8.7,36.9
W4365,P1076,2026-04-20,88,99.8,8883,8.0,36.0
W4366,P1042,2026-05-16,75,97.7,4189,7.8,37.2
W4367,P1082,2026-04-03,78,98.8,7061,4.3,36.5
W4368,P1054,2026-04-04,70,97.0,5052,7.0,36.8
W4369,P1075,2026-02-25,85,96.9,6336,6.2,36.6
W4370,P1016,2026-03-01,81,100.0,2492,7.9,36.9
W4371,P1018,2026-05-18,95,98.9,9003,3.8,37.1
W4372,P1099,2026-02-08,85,97.2,4096,7.0,36.3
W4373,P1059,2026-01-28,75,96.6,3834,6.5,36.9
W4374,P1090,2026-02-18,68,93.6,12448,8.1,36.6
W4375,P1016,2026-06-13,90,97.6,7886,8.7,37.5
W4376,P1006,2026-05-05,74,96.7,8906,5.7,36.2
W4377,P1057,2026-01-13,76,98.1,7647,5.7,36.3
W4378,P1047,2026-02-05,76,98.7,5369,7.1,36.6
W4379,P1048,2026-04-11,72,99.5,3233,8.9,36.3
W4380,P1042,2026-01-26,76,97.7,5753,6.9,36.7
W4381,P1076,2026-03-27,105,94.9,4055,5.3,36.5
W4382,P1060,2026-01-04,63,92.7,4205,6.1,36.8
W4383,P1077,2026-03-23,67,95.4,2542,7.0,37.3
W4384,P1004,2026-06-15,97,99.7,6786,7.1,36.8
W4385,P1002,2026-05-07,73,100.0,10434,6.0,36.9
W4386,P1090,2026-03-29,72,96.5,7895,6.0,36.3
W4387,P1059,2026-05-07,92,94.1,6236,5.6,36.7
W4388,P1027,2026-04-30,58,95.7,6399,8.2,36.6
W4389,P1027,2026-01-22,90,99.3,500,5.8,37.1
W4390,P1079,2026-05-10,79,95.8,5440,6.2,36.4
W4391,P1072,2026-01-31,85,98.2,2933,6.2,36.4
W4392,P1007,2026-04-29,84,97.3,6836,4.9,37.0
W4393,P1063,2026-01-11,69,98.4,5850,5.8,37.8
W4394,P1046,2026-02-15,93,100.0,4327,8.3,36.7
W4395,P1063,2026-04-06,70,98.2,6780,5.3,36.9
W4396,P1012,2026-01-10,84,97.3,6758,5.6,37.3
W4397,P1013,2026-06-17,95,100.0,10297,5.2,37.1
W4398,P1043,2026-05-08,97,97.7,8216,6.7,37.1
W4399,P1017,2026-06-01,74,95.4,7042,9.1,36.8
W4400,P1063,2026-04-09,84,98.4,4131,6.6,36.8
W4401,P1081,2026-06-21,73,97.9,3816,6.9,36.4
W4402,P1036,2026-04-22,113,96.4,7997,5.8,37.0
W4403,P1085,2026-03-01,89,96.0,6000,6.7,37.0
W4404,P1008,2026-03-28,79,96.4,7123,8.3,37.2
W4405,P1069,2026-05-25,82,95.9,8945,7.0,36.6
W4406,P1090,2026-03-06,84,96.5,2717,9.4,37.2
W4407,P1080,2026-02-26,84,95.3,9993,8.3,37.4
W4408,P1036,2026-04-16,75,97.8,8923,6.7,36.2
W4409,P1028,2026-06-30,72,97.6,1364,6.7,36.7
W4410,P1093,2026-01-09,76,97.7,12383,8.8,37.4
W4411,P1047,2026-01-22,62,96.9,7303,7.0,36.5
W4412,P1076,2026-05-21,88,96.6,5304,8.5,37.1
W4413,P1030,2026-03-30,67,99.9,7798,9.2,36.8
W4414,P1023,2026-06-25,63,97.1,4056,6.6,37.0
W4415,P1016,2026-01-18,78,99.5,7865,7.2,36.8
W4416,P1014,2026-04-25,76,95.0,4516,8.0,37.2
W4417,P1074,2026-06-17,81,98.2,11551,7.7,36.3
W4418,P1071,2026-05-25,70,95.5,6650,7.7,36.3
W4419,P1052,2026-05-23,73,95.9,8125,5.2,37.5
W4420,P1037,2026-04-16,88,96.2,4535,5.8,37.9
W4421,P1029,2026-01-15,87,96.1,8541,6.2,36.8
W4422,P1067,2026-03-04,86,96.1,6469,8.3,37.7
W4423,P1015,2026-06-16,78,99.4,2970,5.3,36.4
W4424,P1100,2026-01-13,80,97.1,5903,8.6,36.5
W4425,P1047,2026-03-22,81,97.5,11328,7.7,37.5
W4426,P1046,2026-02-01,69,96.1,8647,8.2,37.2
W4427,P1052,2026-05-17,99,98.7,5553,5.7,37.6
W4428,P1019,2026-02-09,97,97.7,1827,6.9,37.0
W4429,P1077,2026-05-28,89,96.4,4419,7.2,36.3
W4430,P1021,2026-03-23,72,93.8,2984,7.1,36.9
W4431,P1064,2026-03-18,86,97.4,1887,7.2,37.4
W4432,P1037,2026-03-17,92,98.2,8464,6.5,36.7
W4433,P1027,2026-06-21,61,95.0,6656,7.0,36.7
W4434,P1055,2026-02-07,102,96.4,10988,8.0,37.0
W4435,P1029,2026-03-12,54,98.1,4006,5.4,36.5
W4436,P1020,2026-02-17,88,93.9,6494,8.7,36.9
W4437,P1025,2026-01-18,98,95.7,3015,8.0,36.8
W4438,P1070,2026-05-24,76,97.8,5013,5.6,36.6
W4439,P1063,2026-02-08,76,99.2,5945,7.3,37.3
W4440,P1036,2026-03-30,87,100.0,5563,7.9,37.1
W4441,P1002,2026-03-03,104,100.0,6634,5.3,36.6
W4442,P1022,2026-05-21,74,97.3,8929,6.9,36.8
W4443,P1096,2026-04-19,67,96.0,8666,6.7,36.7
W4444,P1016,2026-03-22,72,98.8,4577,6.0,36.5
W4445,P1018,2026-05-14,56,95.9,6424,6.9,36.0
W4446,P1069,2026-03-18,91,95.5,8485,6.1,36.6
W4447,P1054,2026-03-31,71,96.4,9089,8.4,36.5
W4448,P1100,2026-01-14,75,96.1,4847,6.0,36.9
W4449,P1030,2026-04-05,91,97.8,8270,7.8,37.0
W4450,P1045,2026-02-23,73,95.8,7328,4.8,36.4
W4451,P1019,2026-05-12,89,97.2,3835,6.6,37.0
W4452,P1087,2026-02-08,63,100.0,8500,6.8,36.3
W4453,P1034,2026-03-13,91,97.2,6879,6.6,36.7
W4454,P1013,2026-01-25,83,100.0,2147,6.3,36.5
W4455,P1043,2026-03-18,77,99.4,5765,6.0,37.2
W4456,P1062,2026-06-09,80,98.2,6600,7.7,36.9
W4457,P1093,2026-06-15,60,96.3,4985,8.0,36.7
W4458,P1100,2026-04-30,80,99.1,9571,6.7,36.5
W4459,P1022,2026-02-22,76,96.5,9661,5.5,36.6
W4460,P1052,2026-06-05,60,97.0,5544,9.0,37.7
W4461,P1052,2026-05-11,69,97.7,5269,5.7,36.5
W4462,P1036,2026-05-30,76,97.0,6172,5.0,37.0
W4463,P1073,2026-04-06,69,95.6,6000,4.4,36.7
W4464,P1019,2026-06-15,45,93.9,5019,6.9,37.0
W4465,P1038,2026-03-13,93,98.9,500,6.5,37.2
W4466,P1070,2026-03-03,76,98.1,10887,8.0,36.6
W4467,P1079,2026-01-06,46,93.6,6501,7.5,37.2
W4468,P1057,2026-02-01,108,95.5,6054,7.1,38.2
W4469,P1020,2026-04-09,95,97.4,7313,6.5,37.1
W4470,P1009,2026-05-18,73,97.9,6300,8.1,37.6
W4471,P1032,2026-05-11,66,94.0,5424,9.0,37.0
W4472,P1004,2026-03-17,84,96.8,3986,8.0,36.3
W4473,P1050,2026-06-26,81,98.1,1903,6.2,36.9
W4474,P1082,2026-02-28,86,96.3,3114,7.7,36.6
W4475,P1005,2026-01-31,66,97.5,3708,6.3,36.5
W4476,P1020,2026-04-03,93,96.0,8127,5.5,36.8
W4477,P1087,2026-03-10,71,98.8,8312,5.7,36.7
W4478,P1075,2026-02-21,88,95.4,4296,6.4,36.3
W4479,P1037,2026-03-30,67,94.7,500,6.9,38.2
W4480,P1022,2026-05-07,115,97.1,6523,9.3,37.2
W4481,P1058,2026-06-18,88,94.1,5446,5.7,36.9
W4482,P1068,2026-01-31,118,92.8,5384,8.4,36.8
W4483,P1093,2026-03-25,90,99.2,8890,6.4,37.4
W4484,P1044,2026-05-07,70,95.0,6847,4.4,37.8
W4485,P1034,2026-05-30,90,94.3,4059,6.2,37.1
W4486,P1077,2026-05-12,91,95.4,3484,8.2,36.9
W4487,P1042,2026-01-13,83,95.3,5843,7.2,37.5
W4488,P1009,2026-02-14,87,96.7,4234,7.3,36.9
W4489,P1095,2026-05-07,89,94.8,6319,8.4,37.0
W4490,P1007,2026-06-19,64,98.0,9065,5.6,37.3
W4491,P1068,2026-04-24,63,98.3,3051,5.5,36.6
W4492,P1019,2026-06-26,67,94.5,6719,4.1,35.8
W4493,P1094,2026-01-20,80,95.8,8788,7.9,36.6
W4494,P1031,2026-03-22,75,96.0,6285,7.5,37.2
W4495,P1035,2026-06-13,64,96.7,8304,7.7,37.2
W4496,P1057,2026-05-09,89,99.2,5782,5.4,37.5
W4497,P1085,2026-05-23,82,99.3,6927,4.9,36.6
W4498,P1061,2026-01-17,80,100.0,7602,5.2,37.6
W4499,P1031,2026-06-01,74,92.5,5070,5.7,36.9
W4500,P1083,2026-02-27,73,95.2,11477,8.7,37.1
W4501,P1095,2026-03-13,66,100.0,7944,8.0,37.3
W4502,P1053,2026-04-19,91,93.4,9757,6.3,36.1
W4503,P1032,2026-01-23,68,100.0,9178,7.2,36.3
W4504,P1066,2026-06-23,81,97.3,7318,6.0,36.3
W4505,P1059,2026-03-13,101,97.4,9964,7.2,37.3
W4506,P1010,2026-01-08,73,94.4,6970,5.4,36.6
W4507,P1002,2026-02-28,91,96.1,4676,7.7,37.8
W4508,P1066,2026-04-21,86,100.0,6537,5.8,36.8
W4509,P1060,2026-01-13,82,96.9,3985,7.8,36.1
W4510,P1088,2026-06-16,84,96.1,1246,6.3,36.5
W4511,P1017,2026-06-05,77,97.8,4369,5.9,36.9
W4512,P1096,2026-01-16,78,96.6,6682,8.7,37.1
W4513,P1016,2026-04-29,70,97.7,9155,7.0,36.3
W4514,P1016,2026-01-02,79,95.3,4361,6.4,37.1
W4515,P1046,2026-05-25,70,96.8,9025,7.7,37.2
W4516,P1039,2026-01-30,92,95.7,3473,5.2,36.5
W4517,P1031,2026-04-13,54,93.4,4201,8.1,37.8
W4518,P1088,2026-01-13,85,98.0,10123,6.6,36.5
W4519,P1001,2026-04-06,83,94.5,6619,7.5,36.3
W4520,P1011,2026-04-04,81,96.7,6066,4.9,36.0
W4521,P1085,2026-03-23,92,98.9,7088,6.3,37.4
W4522,P1004,2026-01-13,74,94.0,3484,6.8,36.8
W4523,P1071,2026-06-20,82,98.2,5673,8.0,36.6
W4524,P1026,2026-04-04,54,96.4,6507,7.6,36.1
W4525,P1050,2026-05-29,72,95.1,9578,6.3,36.6
W4526,P1012,2026-04-22,90,100.0,2324,7.2,38.0
W4527,P1095,2026-02-24,59,97.0,10907,8.3,35.7
W4528,P1081,2026-03-22,80,95.9,6188,6.6,36.5
W4529,P1097,2026-06-17,69,95.4,3724,6.4,37.7
W4530,P1075,2026-04-26,76,98.8,3271,4.5,37.4
W4531,P1092,2026-05-23,69,95.8,7183,6.5,36.5
W4532,P1096,2026-06-29,61,98.5,3132,4.7,36.9
W4533,P1065,2026-04-18,83,97.0,5100,6.7,37.0
W4534,P1047,2026-02-22,77,99.2,5875,8.0,36.9
W4535,P1092,2026-05-08,87,94.9,9359,4.3,37.7
W4536,P1053,2026-06-29,89,95.2,9046,8.3,37.0
W4537,P1071,2026-06-07,95,96.4,4893,6.4,37.4
W4538,P1002,2026-06-10,80,96.6,5968,6.8,36.9
W4539,P1024,2026-02-26,96,96.3,2512,6.2,35.8
W4540,P1004,2026-02-21,64,100.0,1402,4.7,36.2
W4541,P1019,2026-05-17,91,100.0,3427,5.9,36.3
W4542,P1026,2026-04-21,84,97.6,9308,9.3,36.7
W4543,P1075,2026-01-01,81,97.8,8450,5.5,37.8
W4544,P1040,2026-02-13,84,96.5,7459,4.9,37.0
W4545,P1050,2026-03-16,65,94.9,2856,7.0,36.7
W4546,P1043,2026-04-08,61,96.6,4721,6.7,37.4
W4547,P1075,2026-01-09,102,98.5,4355,6.4,36.1
W4548,P1067,2026-02-01,76,99.6,6085,6.8,36.6
W4549,P1012,2026-01-15,75,99.0,5927,7.6,36.5
W4550,P1067,2026-05-20,63,94.0,3995,6.1,37.0
W4551,P1027,2026-05-16,57,96.4,7373,7.0,37.2
W4552,P1054,2026-03-13,77,94.1,7072,8.0,37.0
W4553,P1066,2026-06-04,73,99.3,4678,5.6,37.0
W4554,P1049,2026-01-12,78,96.2,7261,4.0,36.6
W4555,P1016,2026-03-06,79,96.9,9311,7.6,37.0
W4556,P1002,2026-04-17,113,98.0,10070,9.8,36.4
W4557,P1060,2026-02-11,73,100.0,7727,6.8,37.1
W4558,P1054,2026-04-25,100,97.5,7653,7.0,36.5
W4559,P1030,2026-05-19,101,96.5,5900,6.4,36.2
W4560,P1084,2026-04-13,89,94.5,9074,8.7,36.8
W4561,P1038,2026-06-20,75,99.9,3824,6.7,35.8
W4562,P1028,2026-04-05,59,96.6,8785,6.6,37.5
W4563,P1025,2026-01-17,85,100.0,5781,7.9,37.2
W4564,P1096,2026-06-09,92,99.2,10227,6.2,37.0
W4565,P1010,2026-03-26,102,96.1,7971,5.3,36.0
W4566,P1060,2026-06-17,65,94.2,6330,7.9,36.4
W4567,P1042,2026-05-31,75,97.5,5909,6.1,36.8
W4568,P1040,2026-02-25,65,95.8,7814,5.6,36.7
W4569,P1097,2026-05-14,69,97.1,7693,9.3,36.0
W4570,P1077,2026-03-27,87,99.1,5504,6.6,36.1
W4571,P1042,2026-06-27,68,93.7,6730,7.4,36.7
W4572,P1047,2026-04-12,66,97.5,8741,6.8,36.2
W4573,P1037,2026-06-14,89,98.5,3092,5.7,37.5
W4574,P1080,2026-02-23,84,98.6,8315,7.6,37.0
W4575,P1022,2026-06-26,83,94.3,7803,7.2,36.4
W4576,P1057,2026-04-25,69,97.8,9467,6.0,37.4
W4577,P1084,2026-05-19,96,99.4,4711,7.3,37.3
W4578,P1027,2026-03-29,78,97.7,6514,6.2,36.9
W4579,P1041,2026-02-18,111,96.8,7013,5.5,36.8
W4580,P1080,2026-05-29,80,99.3,8347,5.4,36.7
W4581,P1034,2026-04-25,45,95.6,7573,7.1,36.5
W4582,P1032,2026-03-04,45,93.9,3401,6.3,36.1
W4583,P1090,2026-04-14,87,96.6,7228,8.6,37.6
W4584,P1089,2026-03-24,96,98.1,11511,6.7,36.5
W4585,P1066,2026-04-13,67,99.1,8029,5.9,36.8
W4586,P1012,2026-06-05,107,98.1,10595,7.0,36.3
W4587,P1040,2026-01-17,101,98.7,9108,5.2,36.7
W4588,P1073,2026-01-06,81,99.1,9906,6.7,38.2
W4589,P1076,2026-05-27,86,96.3,7275,7.2,36.4
W4590,P1090,2026-01-28,91,96.7,7805,7.0,37.5
W4591,P1073,2026-02-07,104,99.6,7139,8.4,36.8
W4592,P1010,2026-04-29,88,94.6,6511,9.9,37.1
W4593,P1096,2026-02-06,81,97.9,8355,7.6,37.4
W4594,P1098,2026-04-25,87,95.6,5197,8.2,36.9
W4595,P1048,2026-03-09,86,99.2,11213,9.9,36.6
W4596,P1020,2026-06-26,91,97.0,4180,5.6,36.7
W4597,P1039,2026-02-12,56,97.0,8528,7.0,36.7
W4598,P1060,2026-06-13,82,100.0,9947,6.2,37.7
W4599,P1066,2026-02-27,84,94.8,6058,7.8,36.1
W4600,P1065,2026-01-13,77,97.4,3718,7.1,35.9
